Chinese,English
爱,to love
爱好,hobby
八,eight
爸爸,father; dad
吧,...right?; OK?
白,white
白天,daytime
班,class
半,half
半年,half year
半天,half day; quite a while
帮,to help
帮忙,to help
包,bag; sack
包子,steamed stuffed bun
杯,cup; glass (classifier)
杯子,cup; glass
北,north
北边,north side
北京,Beijing
本,book classifier
本子,notebook
比,than
别,other; don't
别的,other
别人,other people
不,not
病,illness; disease
病人,patient
不大,not big
不对,incorrect; wrong
不客气,you're welcome
不用,need not
菜,dish; cuisine
茶,tea
差,to fall short
常,often; usually
常常,often
唱,to sing
唱歌,to sing a song
车,car; vehicle
车票,ticket
车上,inside a vehicle
车站,station; bus stop
吃,to eat
吃饭,to have a meal
出,to go out
出来,to come out
出去,to go out
穿,to wear
床,bed
次,time (classifier)
从,from
错,incorrect; wrong
打,to hit
打车,to take a taxi
打电话,to make a phone call
打开,to open
打球,to play ball
大,big
大学,university
大学生,college student
到,to arrive
得到,to obtain; receive
地,adverbial particle
的,possessive particle
等,to wait
地点,location
地方,place; area
地上,on the ground
地图,map
弟弟,younger brother
第,ordinal prefix
点,o'clock
电,electricity
电话,telephone
电脑,computer
电视,television
电视机,TV set
电影,movie
电影院,cinema
东,east
东边,east side
东西,thing; object
动,to move
动作,movement
都,all; both
读,to read
读书,to study
对,correct
对不起,sorry
多,many; much
多少,how much; how many
饿,hungry
儿子,son
二,two
饭,meal; cooked rice
饭店,restaurant; hotel
房间,room
房子,house
放,to put; place
放假,to have a holiday
放学,to finish school
飞,to fly
飞机,airplane
非常,very; extremely
分,minute
风,wind
干,dry
干净,clean
干什么,what?
高,high; tall
高兴,happy
告诉,to tell
哥哥,older brother
歌,song
个,general classifier
给,to; for
跟,with
工人,worker
工作,work
关,to close; turn off
关上,to shut
贵,expensive
国,country
国家,nation
国外,abroad
过,to pass; spend
还,still
还是,or; still
还有,in addition
孩子,child
汉语,Chinese language
汉字,Chinese character
好,good
好吃,delicious
好看,good-looking
好听,pleasant-sounding
好玩儿,interesting
号,number
喝,to drink
和,and
很,very
后,after; behind
后边,back side
后天,day after tomorrow
花,flower
话,words; speech
坏,bad; broken
回,to return
回答,to answer
回到,to return to
回家,to return home
回来,to come back
回去,to go back
会,can; be able to
机场,airport
机票,air ticket
鸡蛋,egg
几,how many
记,to remember
记得,to remember
记住,to memorise
家,home; family
家里,at home
家人,family members
间,room classifier
见,to see
见面,to meet
叫,to call
介绍,to introduce
今年,this year
今天,today
进,to enter
进来,to come in
进去,to go in
九,nine
就,then
觉得,to think; feel
开,to open; drive
开车,to drive
开会,to hold a meeting
开玩笑,to joke
看,to see
看病,to see a doctor
看到,to catch sight of
看见,to see
考,test; exam
考试,exam
渴,thirsty
课,lesson
课本,textbook
课文,text
口,mouth
块,piece
来,to come
来到,to arrive
老,old
老人,elderly person
老师,teacher
了,change of state marker
累,tired
冷,cold
里,inside
两,two
零,zero
六,six
楼,building; floor
楼上,upstairs
楼下,downstairs
路,road
路口,intersection
路上,on the road
妈妈,mother
马路,street
马上,immediately
吗,question particle
买,to buy
慢,slow
忙,busy
毛,tenth of a yuan
没,not
没关系,it doesn't matter
没什么,it's nothing
没事儿,nothing wrong
没有,not have
妹妹,younger sister
门,door
门口,doorway
门票,ticket
们,plural marker
米饭,rice
面包,bread
面条儿,noodles
名字,name
明白,to understand
明年,next year
明天,tomorrow
拿,to take
哪,which
哪里,where
哪儿,where
哪些,which ones
那,that
那边,there
那里,there
那儿,there
那些,those
奶,milk
奶奶,grandmother
男,male
男孩儿,boy
男朋友,boyfriend
男人,man
男生,male student
南,south
南边,south side
难,difficult
呢,question particle
能,can
你,you
你们,you (plural)
年,year
您,you (polite)
牛奶,milk
女,female
女儿,daughter
女孩儿,girl
女朋友,girlfriend
女人,woman
女生,female student
旁边,beside
跑,to run
朋友,friend
票,ticket
七,seven
起,to rise
起来,to get up
起床,to get up
汽车,car
前,front
前边,front side
前天,day before yesterday
钱,money
钱包,wallet
去年,last year
请,please
请假,ask for leave
请进,please come in
请问,excuse me
请坐,please sit
球,ball
去,to go
热,hot
人,person
认识,to know
认真,serious
日,day
日期,date
肉,meat
三,three
山,mountain
商场,shopping mall
商店,shop
上,on; above
上班,to go to work
上车,to get on a vehicle
上课,to attend class
上网,to go online
上午,morning
上学,to go to school
少,few; little
谁,who
身体,body
什么,what
生病,to be sick
生气,to get angry
生日,birthday
十,ten
时候,time; moment
时间,time
事,thing; matter
试,to try
是,to be
手,hand
手机,mobile phone
书,book
书包,schoolbag
书店,bookstore
树,tree
水,water
水果,fruit
睡,to sleep
睡觉,to sleep
说,to speak
说话,to talk
四,four
送,to send
岁,years old
他,he
他们,they
她,she
她们,they (female)
太,too; extremely
图书馆,library
天,day
天气,weather
听,to listen
听到,to hear
听见,to hear
同学,classmate
外,outside
外国,foreign country
外语,foreign language
玩儿,to play
晚,late
晚饭,dinner
晚上,evening
网上,online
网友,online friend
忘,to forget
忘记,to forget
问,to ask
我,I; me
我们,we; us